ID,year,age,Afrels_0.063,OrdRank2,z.Groom.Get,z.Groom.Give,z.Agg.Get,z.Agg.Give
0_E1,2015,8,0,L,-0.781092868,-0.766896136,0.468193306,-0.163703122
0_E2,2015,8,0,L,-0.783219963,-0.613003272,0.800050759,-0.285695322
1_E2,2015,8,0,H,-1.19568854,0.418931006,-0.193590188,0.906056814
1_E6,2015,8,0,H,-0.587162321,-0.833334131,-1.13587779,0.5244439
1_E7,2015,8,0,H,-0.73134437,0.701289721,0.016823353,0.023440481
2_E4,2015,8,0,H,1.416456476,0.81758209,-0.287711701,-0.129705523
2_E8,2014,7,0,L,-1.031650758,-0.531133089,0.492904179,-0.654725263
2_E9,2014,7,0,L,-0.734302653,-0.226759095,1.6017251,-0.733946969
3_E2,2014,7,2,H,1.158079155,0.418945765,0.72813926,0.572648971
3_E2,2015,8,2,H,1.260741476,2.073747578,0.336175039,0.285582198
3_E2,2013,6,3,H,0.601085033,-0.034616565,-0.66248953,-0.267514958
3_E7,2015,8,3,L,-0.205772565,-0.483956689,0.955413324,-0.401276869
3_E7,2014,7,2,L,0.335211902,-0.221971535,-0.201385196,-0.843542426
4_E0,2015,8,0,L,-0.342150863,-0.50022517,0.309095089,0.652099458
5_E8,2015,7,0,L,-0.192530369,-0.495585469,1.921727684,-0.686112131
7_E0,2014,6,0,L,-0.081895316,0.192031402,0.610545995,-0.935120302
7_E3,2014,6,0,L,2.027874461,1.660452637,2.242617592,-0.216617994
8_E2,2014,6,0,L,-0.964300254,-0.360261175,1.679304472,-0.304927079
8_E8,2015,7,4,L,-0.77984295,0.622021859,1.430317871,-0.467190282
8_E8,2014,6,4,L,-0.913399308,-0.656591485,0.710136071,-0.381323698
9_E8,2015,7,0,L,2.480674408,-0.651259504,1.741851087,-0.196011901
1G2,2015,6,5,H,0.480252339,-0.981321181,0.544415614,-0.494390745
81E,2015,19,10,L,0.171739879,-0.173630685,-0.35187779,-0.816962764
30J,2015,17,13,L,-1.059145333,-0.082433396,-0.736376519,-0.610002496
2G4,2015,6,6,L,2.29462532,1.08176771,0.885070705,-0.04441222
98J,2015,16,2,L,0.510662153,3.098861384,-0.506149256,-0.629144576
78I,2015,17,9,L,2.27663815,1.754441526,-0.276056402,-0.748799659
7C4,2015,9,9,L,0.857987995,0.287139196,-0.078195319,-0.326380577
3H0,2015,6,3,L,1.415615027,1.941857617,1.737377061,-0.680218432
45Z,2015,10,5,L,-0.440350133,-0.280868352,0.410893481,-0.583962652
4C9,2015,9,5,L,-0.70959538,-0.352592077,2.674385029,-0.61386704
1G0,2015,6,3,L,-0.852986529,-0.368109982,-0.029819098,-0.74290596
53Z,2015,10,8,L,0.538924884,-0.932881313,0.704044629,-0.690546844
00V,2015,11,8,L,1.235903676,3.188600735,0.049936815,0.285717768
47Z,2015,10,4,L,-0.074497923,1.107802949,0.432072011,0.16407762
5C6,2015,9,3,H,-0.596499653,1.033972388,0.983010397,0.352673311
0F0,2015,7,3,H,-1.063843891,0.081689092,0.087554956,-0.010186475
2G3,2015,6,1,L,1.348701521,0.381560645,1.407815595,-0.868281016
1G1,2015,6,6,L,0.437813228,0.627215695,0.515895965,-0.558370666
1G6,2015,6,4,L,-0.846914584,-0.030579248,0.509225638,-0.680125799
9C1,2015,8,5,H,-1.114141461,-0.947498936,0.809204142,0.29633036
52Z,2015,10,7,L,-0.220993801,-0.647692148,0.329321177,-0.877448548
90T,2015,11,5,L,-0.694486306,-0.981321181,1.735074309,-0.872971621
2G2,2015,6,5,L,-0.448098367,-0.299765616,1.223446677,-0.184435745
1G4,2015,6,2,L,0.797113668,0.990421761,1.875495611,-0.997185797
51Z,2015,10,2,L,0.652262932,-0.475195081,2.036003739,-1.057593779
85T,2015,11,2,L,1.558456583,0.839873373,-0.136781616,-0.936777815
1B0,2015,10,3,L,1.527731945,0.558566331,1.598783662,-0.751079205
15E,2015,20,13,L,1.118268726,-0.868710682,-0.508149709,-0.498609957
13H,2015,18,13,L,-0.336773051,-0.933029899,0.097491928,-0.933379603
14E,2015,20,8,H,0.17462163,-0.134737932,-0.981452539,0.939955001
93T,2015,11,1,L,-0.885803743,2.184945471,0.280306296,-0.871810741
4C5,2015,9,5,L,-0.271401681,0.458175141,0.985441327,-0.625704149
3D9,2015,8,5,L,-0.77308204,0.282725114,0.542668603,-0.737626188
T84,2011,21,12,L,-0.813360426,0.948960913,0.231664263,-0.019013759
81I,2011,13,3,L,0.996888409,0.646229591,-0.36781673,-0.638460804
57T,2011,8,2,L,0.529326104,0.8941832,1.787567741,-0.697266627
T83,2011,21,8,L,-0.838064156,-0.86563185,0.673929106,-0.975309175
Z82,2011,19,8,L,0.285974035,-0.088828419,1.037629756,-0.612023301
36D,2011,16,9,L,-1.071950554,-0.411141347,-0.023053614,-0.975309175
4A9,2011,6,6,H,-0.712321085,-0.386275253,0.070762862,0.05132828
74K,2011,12,6,L,1.046783075,1.64130569,-0.497566352,-0.307639966
98V,2011,7,3,L,-0.835105226,-0.764757825,0.740898839,-0.540412702
7A9,2011,6,3,L,-0.632430381,0.529163701,0.545549813,-0.347807471
82V,2011,7,4,L,-0.233815422,-0.911050381,2.513786968,-0.975309175
5A0,2011,6,0,H,0.516975607,0.20460793,-0.071618032,0.174250241
82Z,2011,6,8,L,0.281065321,0.520505527,1.215383544,-0.621210382
88N,2011,11,8,L,-0.014620256,1.950718486,0.054339255,-0.491625803
5A1,2011,6,4,H,-0.566054764,-0.494210899,-0.294255566,0.016769778
38Z,2011,7,4,H,0.35957984,-0.111015079,-0.755020788,-0.115111809
70T,2011,8,7,L,-0.680540817,2.584823886,0.50781136,-0.907522892
97R,2011,9,0,L,-1.162882851,-0.724834836,0.931100996,-0.421574677
51T,2015,12,5,L,0.038272914,-0.415491232,-0.155062013,-0.081830459
0A2,2015,10,4,L,0.254192833,0.823060324,0.673448808,-0.470725597
4A5,2015,10,4,L,2.626703214,-0.551029901,-0.172015059,2.295378782
87F,2015,19,4,L,-0.808200231,-0.967936262,1.185428442,0.422752451
3F8,2015,7,0,L,-0.230737313,-0.967673635,0.028960574,-0.975119663
7C8,2015,8,0,L,-0.924331279,-0.037534606,1.964900043,-0.975119663
4D5,2015,8,1,L,-0.548576615,0.475058311,1.189529985,-0.577909335
0F6,2015,7,1,L,-0.289908997,-0.648794588,1.181661717,-0.279299021
3F4,2015,7,0,L,-0.837969413,1.600537866,0.59120686,-0.18060763
8F0,2015,7,4,H,-0.669303679,-0.159345645,-0.557560151,-0.380354992
7F2,2015,7,3,L,0.227662719,0.713805556,0.876667594,-0.785467493
6D8,2015,8,0,L,-0.860114857,-0.498912406,0.611212347,-0.380354992
31V,2015,11,3,L,2.793854981,2.201335498,-0.168080926,-0.580010977
5F7,2015,7,1,L,0.439473698,2.528159641,0.808432175,-0.77756532
77V,2015,11,0,L,-0.449502733,-0.619131236,-0.163979383,-0.279476178
4F8,2015,7,4,L,-0.686240265,0.47815761,1.054714028,-0.672483223
6B0,2015,9,4,L,0.819789667,-0.172501772,0.795949216,-0.090076205
4H0,2015,6,7,H,0.332121826,0.811401233,-1.324716204,0.113530866
5C4,2015,9,2,L,-0.637778999,-0.055733426,-0.293802147,-0.768976
09Z,2015,11,0,L,1.276348018,1.340154049,0.275420758,-0.268967969
8A5,2015,10,2,L,-0.208212892,2.188585866,0.422719672,-0.975119663
85V,2015,11,4,L,-0.81875387,-1.039788704,0.213530034,-0.876342491
4H1,2015,6,0,L,-0.111104464,0.857270986,-0.364787605,0.824166063
3H4,2015,6,2,L,1.141363539,2.95919012,-0.168080926,0.514944478
33V,2015,11,0,L,-0.439488688,1.7881378,-0.536672973,-0.188853377
89K,2015,16,5,L,0.043337525,0.873124937,0.611379757,-0.081836053
91V,2015,11,5,L,1.025072063,0.497380483,0.795949216,-0.583962063
0B4,2015,10,5,L,0.291473367,-0.477408092,0.418439799,-0.975119663
16Z,2015,11,6,L,-0.399592834,0.349129582,0.229768796,-0.674584865
76L,2015,15,6,L,0.131555778,0.881455972,0.402525812,-0.580010977
99Z,2015,10,6,L,-0.993216295,1.01066404,1.562937859,-0.283679462
2F0,2015,7,7,H,2.098189201,0.237959491,-0.943105244,1.303403782
2C8,2015,9,7,H,1.675750759,-0.596768297,-0.947039379,0.315288493
8A3,2015,10,0,L,-0.682955408,-0.115348317,-0.738195479,-0.975119663
60V,2015,11,2,L,-0.639821649,-0.350783014,-0.392169172,-0.878358352
6A4,2015,10,2,L,-0.993216295,-0.437355817,1.185595852,-0.678788148
0B5,2015,10,3,L,-0.492026137,-0.925162193,0.80638654,-0.333255997
4B2,2015,9,8,H,0.524447471,2.458046765,-0.364787605,0.014753695
14Z,2015,11,8,H,0.310454602,-0.259635071,0.398601722,1.21350224
3H6,2015,6,5,L,-0.877520708,0.086581879,0.028793164,-0.295532722
54N,2015,15,0,H,-0.74541957,0.962453133,-0.553291199,0.512842836
X91,2015,24,8,H,0.453944658,-1.039788704,-0.557560151,0.115632509
69O,2015,14,8,H,3.083081149,-0.905662274,-1.71419543,0.607846078
X83,2015,24,6,L,-0.714712662,-0.669823207,0.853203412,-0.876342491
95V,2015,11,6,L,0.980599314,0.583187407,1.378368398,-0.483249665
37P,2015,14,4,L,1.44375454,0.178487002,-0.275298063,-0.459760506
7A6,2015,10,4,L,-0.889277473,-0.870109927,1.181326899,-0.376060332
28I,2015,17,1,L,-0.041310894,-0.557430402,0.60300926,0.313719267
4A0,2015,10,1,L,0.183105291,0.694187229,0.217464167,-0.479132163
4F5,2015,7,7,L,-0.993216295,-0.984976138,-0.155776297,-0.674493488
1F4,2015,7,2,L,-0.536967085,1.246522787,3.720706416,-0.580010977
3A7,2015,10,2,L,-0.225650604,-0.187267645,0.272709448,-0.479132163
26V,2015,11,6,L,-0.719757298,-0.754901149,0.418439799,-0.678788148
48N,2015,15,6,L,0.480793663,-0.134399381,1.194178402,-0.678788148
93I,2015,17,7,L,-0.942925084,-0.451196064,0.410236714,-0.084023477
7A8,2015,10,7,L,1.433176539,0.643773766,0.862703428,-0.464146542
7F7,2015,7,1,L,-0.645897403,-0.138580608,2.170291077,-0.378161973
3B1,2015,9,7,H,0.372556519,1.105447935,-0.360853472,0.613813026
T03,2015,26,10,L,0.434343942,0.132849996,0.080155331,-0.997185797
9C5,2015,8,7,L,-1.256095956,-1.270375077,0.300835848,-0.977168558
37V,2015,11,4,L,-0.49744932,0.499437743,-0.004809211,-0.767418508
1C7,2015,9,4,L,0.742997465,1.479115114,0.028321151,-1.097627422
1C5,2015,9,7,L,-1.205043536,0.992074828,1.646859223,-0.989753812
5H4,2015,6,0,H,1.368023397,0.290083832,-0.647353824,1.333647194
7F0,2015,7,7,L,-0.487765493,-0.640799109,0.439018099,-0.986434625
51V,2015,11,7,L,-0.292115675,1.80321409,1.346950123,-0.659494607
3G3,2015,6,4,L,0.905094266,1.510153713,1.310201776,-0.659544898
6D6,2015,8,0,L,-0.859506922,0.044690776,2.087190706,-0.554990475
3F5,2015,7,0,L,-0.736580093,-0.266105485,1.293838965,-0.65454097
2C4,2015,9,4,L,-0.374120134,-0.513758468,0.930161257,-0.986434625
86Z,2015,10,1,L,1.587497343,-0.67228412,-0.226621682,-0.428733248
60R,2015,13,1,L,-1.067077838,-1.270375077,0.670766898,-0.657910449
83Z,2015,10,3,L,-0.670296069,0.259986022,-0.180026313,-0.651118845
6D9,2015,8,1,L,-0.797257915,-0.9928597,0.862963487,-0.211165016
25P,2015,14,10,L,-1.256095956,-0.435456406,2.436540214,-0.876823627
49V,2015,11,10,L,1.822252646,-0.865201028,-0.866056557,-1.097627422
3F7,2015,7,3,L,1.01295219,-0.813808893,0.217304501,-0.659595188
6C2,2015,9,3,L,-0.540130252,-0.720939956,1.300364316,-0.642805889
4D8,2015,8,3,L,0.295318344,1.151760805,-0.435279945,-0.327552881
9H9,2015,6,7,L,0.467240752,-0.579914311,1.148863988,-0.989753812
4F1,2015,7,3,H,0.948558977,0.440160094,0.957486162,-0.645851527
2F2,2015,7,7,L,-0.670737117,-0.112559946,-0.1971093,-0.769103246
93O,2015,14,12,L,-0.158363064,1.625764592,0.021593431,-0.443699316
6D4,2015,8,12,L,-1.17820372,-0.013684673,1.495976518,-0.617502334
44V,2015,11,6,L,2.554351131,0.86691216,-1.515230025,-0.770737695
2C3,2015,9,6,H,-0.337081303,0.222232524,0.243608273,0.688514695
0B6,2015,10,5,H,-0.268924585,-1.122376381,-0.004908079,0.109000492
24V,2015,11,4,H,1.959016076,0.60319893,-0.669859868,1.174402615
62R,2015,13,4,H,0.698283106,2.763622534,0.853427266,0.336188712
5D2,2013,6,0,L,-0.735314588,-0.674291646,-0.858958374,-1.094600951
5B4,2014,8,2,L,-0.384771507,0.032141107,0.113114314,-0.377144305
39Z,2014,10,0,L,-0.259395055,0.315910829,-0.310142843,-0.656200527
16S,2014,12,1,L,0.286591066,-0.950575669,-0.451050664,-0.878869064
0B9,2014,9,8,L,-0.960506383,-0.877476464,1.065399385,-0.296658405
48V,2014,10,8,L,0.691365777,1.906289913,-0.443912599,0.134006229
2C0,2014,8,8,H,-0.355071656,-0.057989174,-0.891472104,-0.442782987
20S,2014,12,7,L,0.059592061,1.885123231,-0.329778281,0.020434883
55R,2014,12,2,L,-0.610095764,-0.268625233,0.867564692,-0.438046385
65Z,2014,9,2,L,0.4610378,1.064630262,0.626117369,-0.496896552
0G3,2014,6,7,H,-0.1852003,2.553329803,1.252798459,-0.730237322
94S,2014,11,2,L,-0.114992322,0.485369247,0.415348372,0.310262668
6B4,2014,8,3,L,-0.811072754,-1.231018079,-0.199097891,-0.511407955
80S,2014,11,3,L,1.803930538,0.689436197,-0.086392595,-0.786832678
77S,2014,11,1,H,-0.27555499,-0.514191781,-0.900371093,-0.097778167
5B6,2014,8,1,H,1.840087619,1.62575667,-0.842208578,1.772071255
03Z,2014,10,2,L,-0.480928177,-0.839563871,1.499321522,-0.439555332
3A9,2014,9,2,L,-0.915599582,-0.322408797,-0.87396895,-0.219344424
62S,2014,11,8,H,1.287724904,1.314550667,0.215413913,0.215653353
2C7,2014,8,1,L,-1.248806678,-0.794330568,1.948363281,-1.021480077
56R,2014,12,4,L,-0.155185429,0.437134428,-0.215588449,-0.870213317
36O,2014,13,4,L,1.07292246,0.562158082,1.706990357,-1.016051679
9C2,2013,6,2,L,0.121906409,0.139681825,3.257833052,-0.359564751
9C2,2014,7,2,L,0.318519165,1.179516942,0.748241697,-0.594796912
6F2,2014,6,2,L,-0.39601648,0.313276767,1.036642646,-0.600865672
O52,2014,26,4,L,-0.58724046,-0.742999988,0.197313795,-1.089179586
O52,2011,23,5,L,-0.536320277,2.474705054,-0.960469716,-0.828139206
O52,2012,24,5,L,0.701931951,0.201667382,0.37223797,-0.863877048
79C,2011,17,5,L,0.081818621,-0.959078583,0.487474465,-0.640516994
O52,2013,25,5,L,3.171845946,2.040911135,-0.839608045,-0.556196278
79C,2010,16,5,L,-0.601907985,-0.298643342,-1.026047272,-0.708688519
O52,2010,22,5,L,-0.069512507,0.205369821,-0.838009049,-0.659919998
K00,2014,28,4,H,-1.010943594,-0.936813086,-0.199691604,-0.824125265
K00,2012,26,4,L,-1.188772102,-0.730423059,-0.742635446,-0.394777866
K00,2011,25,4,L,-1.000668588,0.470519111,0.520261033,-0.74037153
K00,2013,27,4,L,0.344496619,0.463650118,-0.341281295,-0.824832517
K00,2010,24,3,L,0.254680649,1.25332939,-0.338789636,-0.568198989
24B,2013,20,0,L,-0.735314588,-0.674291646,-0.665419625,-1.094600951
24B,2011,18,5,H,1.59020069,1.921551558,-0.878720142,0.317496767
24B,2014,21,4,L,0.929262499,-0.093879474,0.302646687,-0.673937076
24B,2010,17,4,H,-0.161683775,1.00096984,-0.629594386,0.345016711
24B,2015,22,6,L,2.521728814,0.062039305,0.754034831,-0.800410489
24B,2012,19,0,L,0.445857915,0.372376286,0.735904496,-1.042813967
88I,2011,13,2,L,-0.386232319,-0.115243999,0.463221683,-0.87312936
88I,2012,14,2,L,0.325392394,0.123950629,-0.743083273,-0.720646441
88I,2013,15,2,L,-0.657663474,0.254044161,-0.922552029,-1.094600951
88I,2010,12,2,L,-0.096412347,-0.337026433,0.863636444,-0.653414651
60P,2014,13,4,H,0.289899416,-0.003658052,-0.308855045,-0.412312742
60P,2012,11,5,H,-0.760202563,0.241127831,0.717716135,-0.402367953
60P,2011,10,5,L,0.282582694,0.650013176,2.003014719,-0.154761993
60P,2013,12,5,H,0.300378056,-0.49133478,0.385949674,1.219911625
60P,2010,9,6,L,-0.739629553,-0.285562803,0.177584474,-0.372614533
44J,2014,16,7,L,-0.174250391,0.938067172,0.723759223,-0.386611415
44J,2012,14,6,L,1.677394341,0.36970848,0.098661905,-1.205660136
44J,2011,13,5,L,0.065146541,0.42779796,0.850047288,-0.652580062
44J,2013,15,7,L,0.443471045,-0.249644457,1.03524566,-0.957360543
44J,2010,12,4,L,-0.260752688,-0.746947903,1.210700774,-0.708688519
10S,2010,8,4,L,0.652272908,0.820154546,-0.32523915,-0.491391655
10S,2011,9,5,L,-0.00552882,-1.102459699,0.017248719,-0.477710877
62V,2013,9,4,L,-0.735314588,-0.212626215,2.37068573,-0.51567278
74S,2012,9,4,L,-1.062296563,0.337551501,-0.477294847,-1.205660136
62V,2011,7,3,L,-0.6758311,-0.434240391,0.816643516,-0.874580655
74S,2011,8,3,L,-0.042485233,-0.627205783,0.513547043,-0.962372123
62V,2014,10,3,L,-0.774008528,-0.901492032,1.421693903,-0.941871969
74S,2013,10,4,L,-0.020646036,0.038808111,-0.717839221,-1.094600951
62V,2012,8,4,L,0.124608526,-0.917105525,0.650191738,-1.205660136
62V,2010,6,3,L,-0.719964875,-0.264738555,2.128952813,-0.766698037
74S,2010,7,3,L,-0.622085286,0.134134595,2.155354272,-0.864490265
Z14,2011,19,5,L,-0.903192587,-0.035390977,-0.653983928,-0.377475128
Z14,2010,18,6,L,-0.449698419,-0.177564152,-0.129457719,-0.139729638
73B,2013,19,4,L,-0.735314588,0.02045035,0.483312428,-0.608972607
73B,2012,18,4,L,-0.817838271,-0.941270372,-0.707342032,-0.375920137
73B,2011,17,4,L,-0.439611635,-0.686314531,-0.046346218,-0.692431203
73B,2010,16,4,L,1.236752128,-0.208814437,-0.223155771,-0.644144631
29B,2013,20,1,L,-0.735314588,-0.674291646,0.698669995,-0.826005336
29B,2011,18,1,L,0.555243426,0.541097208,1.870434629,-0.783124052
29B,2012,19,1,L,-0.330880632,-0.082671384,1.030381738,-1.205660136
29B,2015,22,1,L,-0.573165845,-1.037696326,-0.475031259,-0.621237955
29B,2014,21,1,L,0.44878129,-1.049775789,-0.081039979,-0.608914302
29B,2010,17,0,L,-0.063373972,-0.840743133,-0.293318018,-0.864490265
14I,2011,13,7,H,-0.169470915,0.874237086,-0.853848786,1.999342719
56A,2011,18,7,H,1.624316566,-0.558619805,-1.020414188,0.192489091
14I,2010,12,7,H,1.26413329,0.390175344,-0.521593221,1.001233088
56A,2010,17,7,H,0.045310069,-1.04374477,-0.833969477,0.220506876
90D,2013,18,14,L,-0.735314588,-0.674291646,-0.460725481,-0.39598752
V36,2011,21,12,H,0.044601172,-0.989486828,-0.957083134,-0.283684596
90D,2011,16,12,L,-0.187297434,-0.743157018,-0.24609819,-0.288207363
V36,2010,20,11,H,0.58333516,1.211065703,-0.3228511,1.336968835
90D,2014,19,14,L,0.356954382,-0.529507203,-0.788330873,-0.110299873
90D,2012,17,13,L,-0.735728474,-0.788454826,-0.161878158,0.032750285
90D,2010,15,11,L,1.715388798,0.361418274,0.411287061,-0.31661739
14L,2010,11,4,L,0.5773234,2.664222821,0.543593048,0.2717376
14L,2011,12,6,H,-0.140456931,1.257954347,0.7495573,0.696363203
N12,2011,24,7,H,-0.01427585,-0.013581766,-1.163608272,-0.648916136
N12,2010,23,6,H,-0.066350589,-0.13568097,-0.436485232,0.180422454
R65,2010,21,8,L,-0.141956706,1.900021293,-1.217650352,-0.758548684
68J,2011,13,4,H,0.188831382,0.567582263,0.921435509,1.064778077
68J,2010,12,4,H,-0.01074953,-0.850919282,-0.308746165,0.571553016
X44,2011,20,0,L,0.680183236,1.987924041,-1.045049636,-0.827401663
X44,2010,19,0,L,-0.455123828,-0.970531783,-0.554013119,-0.658306107
21N,2014,14,8,H,-0.33691441,-0.453581929,-0.248879627,-0.294890165
19A,2015,23,6,L,1.295531031,-0.442091988,0.637838907,-0.986434625
73C,2014,20,3,L,0.790193765,-0.283965676,-0.334056011,-0.730991797
17C,2012,18,7,H,-0.796749842,-0.21233947,-0.114502476,0.082469501
17C,2011,17,6,L,-0.233587302,1.199116901,-0.03767929,-0.023454249
17C,2010,16,7,L,1.794723477,2.634559102,-0.036961136,-0.025471298
17C,2013,19,8,H,0.612583801,-0.361684643,-0.981914598,-0.550392325
20F,2013,17,0,L,-0.735314588,-0.164472462,-0.663967428,-0.781569461
20F,2015,19,0,L,-0.318385984,0.005272985,-1.005632056,-0.858976262
20F,2014,18,0,L,-0.585584903,-0.358439342,0.408271609,-0.717475391
20F,2011,15,0,L,1.820257224,2.031446919,-0.938256457,-0.916619425
20F,2012,16,0,L,0.912746896,0.4328374,-0.319886616,-0.883668849
20F,2010,14,0,L,-0.156474305,0.7728275,0.05584656,-0.815594151
28N,2011,11,4,L,0.112835179,-0.923785353,0.461841747,-0.381162845
28N,2010,10,3,L,-0.232503784,-0.776376873,1.54744215,-0.568237338
50S,2010,7,4,L,-0.869382124,-1.04374477,0.876762172,-0.611814341
50S,2012,9,5,L,1.019588816,-0.470704366,0.329141479,0.117037272
50S,2014,11,6,L,-0.660475175,-0.937617022,0.196467988,-0.159254871
50S,2011,8,4,L,-0.530113128,-1.031971849,1.077801887,-0.424677912
50S,2013,10,6,L,0.603381959,-0.2176134,0.723202252,0.120500279
57H,2013,16,11,L,-0.310230899,-0.674291646,-0.604167712,-0.241097564
57H,2015,18,12,L,-0.574885172,-0.922962094,0.257947027,-0.464683589
57H,2011,14,12,L,0.674474387,-0.153115782,0.16184399,-0.692406201
57H,2014,17,11,L,0.052187628,-0.336729905,1.093658408,-0.389118624
57H,2012,15,11,L,-0.591485116,-0.884614005,1.188055497,-0.705300627
57H,2010,13,9,L,-0.115890197,0.098940924,-0.434133764,-0.596255199
28J,2011,13,5,H,1.044358672,-0.835961979,2.020760505,0.974107809
28J,2015,17,6,L,0.757282085,1.088105587,-0.084026465,-0.75300068
28J,2010,12,4,H,0.792252888,0.202581653,0.2813915,2.184211976
28J,2014,16,4,L,-0.246784064,-0.983695084,1.12309719,-0.864399795
36Z,2011,7,3,L,-0.12175699,0.986668341,0.92621587,-0.346380551
36Z,2012,8,4,L,-0.617024621,3.358529209,2.164248095,-0.029270069
36Z,2014,10,3,L,-0.779688358,0.179447716,0.174372208,-0.44330142
4C2,2013,7,4,L,0.84023244,1.211535781,0.257406439,-0.817669413
36Z,2013,9,4,L,0.953076606,2.176735816,0.335425616,-0.549114422
4C2,2014,8,3,L,-0.51529373,1.57013628,0.26988867,-0.488090133
4C2,2012,6,4,L,-0.908516632,1.102776564,0.367390589,-0.705489763
4C2,2015,9,2,L,0.324401351,0.080212006,-0.497362426,-0.753000679
36Z,2015,11,2,L,-1.049699269,-0.386627048,-0.20569159,-0.696135569
36Z,2010,6,3,L,-0.820083874,-0.69770216,1.150976563,-0.763704397
93Z,2013,8,2,L,-0.3455039,0.07109658,1.013864453,-0.959726757
93Z,2014,9,2,L,-0.760595292,1.250809998,-0.53625892,-1.089179586
93Z,2012,7,1,L,0.934931544,-0.439895075,0.279290665,-1.205660136
93Z,2011,6,1,L,-0.121821089,0.946881523,0.913652743,-0.91738197
78T,2010,7,4,H,0.088466892,1.257178348,-1.313380369,0.863622407
78T,2011,8,4,H,1.341546692,-0.022806104,-0.973682852,1.281807409
78T,2015,12,1,L,1.18783604,1.947765577,-0.732706911,-0.513670365
78T,2014,11,1,L,1.485745991,0.04669495,0.486277317,-0.244575194
2A2,2011,6,5,H,-0.110787,1.148928552,0.122201848,-0.129423804
2A2,2015,10,4,L,-0.777589469,0.087564539,0.968166126,-0.869073169
2A2,2014,9,4,L,0.699179688,0.742643447,1.8960214,-0.976970649
04N,2012,12,5,H,-0.785167278,0.733709967,0.303382024,-0.243222835
04N,2010,10,6,L,-0.817336131,1.777160696,1.501251514,-0.159065695
04N,2015,15,4,H,0.437754406,2.92071112,-0.422703492,-0.692564758
04N,2014,14,5,H,-0.370199381,2.551408976,-0.617091177,-0.444672674
04N,2011,11,5,L,0.920866061,1.013608533,0.32528669,-0.697570215
04N,2013,13,6,H,0.868203236,1.744508495,-0.843816336,1.356997291
82L,2012,12,0,L,-0.256564393,-0.146575401,-0.538565246,-0.572451729
82L,2011,11,0,L,-0.22320525,-0.505055391,-0.349276097,-0.471143153
82L,2013,13,0,L,-0.556825249,-0.328080975,0.248145941,-0.25618129
82L,2014,14,0,L,-0.465807937,-0.048394864,0.316209591,-0.105818846
82L,2015,15,0,L,1.257862919,-1.037696326,0.085592932,-0.412386326
82L,2010,10,0,L,-0.367747261,-0.985281867,-0.073153914,-0.582181923
9G3,2015,6,2,L,0.737006391,-0.37129666,1.53792412,-0.737316953
2H3,2015,6,2,L,-0.091871109,1.869622609,1.641774647,-0.870744634
0A9,2013,8,1,L,-0.735314588,0.654342369,2.478938167,-0.824852564
0A9,2011,6,1,L,-0.328251642,2.044263329,0.506152465,-0.779335035
0A9,2014,9,1,L,-0.505056071,0.943128193,1.27348208,-0.515312742
0A9,2012,7,1,L,-0.391100829,2.338563786,1.468599058,-0.875725135
0A9,2015,10,1,L,0.243168157,0.111129979,2.151383225,-0.696158771
1A3,2014,9,4,L,0.260429175,-0.957886574,0.204062876,-0.605629192
1A3,2015,10,4,L,-1.016447975,-0.568747466,-0.294388414,-0.870767834
1A3,2013,8,4,L,0.124484758,-0.612169002,-0.332841011,-0.81890562
1A3,2012,7,4,L,-0.841367238,-0.379712679,1.140695258,-0.724523731
1A3,2011,6,4,L,-0.694222636,-0.078402228,1.311330479,-0.831755549
9A4,2015,10,2,L,-0.608936007,0.759403554,1.4017321,-0.987699761
9A4,2011,6,3,H,-0.308309232,1.067571458,0.223666433,-0.610492498
9A4,2014,9,2,L,-1.010943594,0.599965906,0.93573322,-0.97586318
9A4,2013,8,2,L,-0.735314588,-0.096885255,-0.323893043,-1.094600951
64P,2012,11,2,L,0.960823659,-0.233619953,-0.942520776,-0.053588119
64P,2011,10,2,L,-0.85160888,-1.466852536,0.058778971,-0.637668598
64P,2015,14,1,H,-0.031019303,-0.515421302,0.362407689,-0.513168113
64P,2014,13,2,L,-0.796048345,-0.144992066,0.221595826,-0.30472866
64P,2013,12,2,L,1.069728373,-0.428923933,1.599255499,-0.550412902
64P,2010,9,2,L,0.490586869,-0.675049519,0.670760264,-0.465172001
2A7,2014,9,4,L,-1.010943594,-1.099144524,1.437414821,-0.383383034
2A7,2013,8,4,L,-0.735314588,-0.674291646,0.142521454,0.578852494
2A7,2011,6,4,L,1.442816885,-0.743270984,1.333255694,-0.74396408
2A7,2015,10,5,L,-0.927775278,-0.801579925,1.200848752,-0.404617782
2A7,2012,7,4,L,0.881712677,0.942061606,0.104176157,-1.042813967
0C6,2014,8,2,L,0.753990857,-0.921336426,0.12278634,-0.618852294
0C6,2013,7,2,L,0.931769056,0.632681939,0.149158951,-0.629672312
0C6,2012,6,2,L,2.408887897,0.185197627,-0.915472967,-0.220828549
2A5,2011,6,1,L,-1.048076823,-0.213042615,0.924934977,-0.610492498
2A5,2015,10,1,L,-0.478765687,0.721356503,0.921496339,-0.870767835
2A5,2014,9,1,L,-1.010943594,-0.075027063,0.723758458,-1.004735052
5C0,2014,8,2,H,0.953325845,2.311527411,-0.297189151,1.24496588
0G5,2014,6,2,H,1.601887945,1.811894559,-1.455921562,1.051837423
0G5,2015,7,2,H,0.98833697,0.698585067,-0.95591032,1.371079069
5C0,2015,9,2,H,0.799221964,1.507709112,0.212520629,1.359408069
5C0,2013,7,1,H,-0.064181115,0.37703832,-0.997946835,1.919180332
5C0,2012,6,1,H,0.595742805,0.108359399,-1.17050978,2.514940072
3C3,2014,8,4,L,-0.962338469,-1.099144524,0.969282229,-0.4841783
3C3,2012,6,4,L,-1.188772102,-0.941270372,2.152719812,-1.038936678
3C3,2015,9,4,L,-0.952358511,0.906462034,1.314705169,-0.644935263
3C3,2013,7,4,L,-0.272149062,0.271355269,1.341581753,-0.004928561
4C1,2012,6,5,H,0.502871409,0.000599289,0.195944379,0.324130701
4C1,2015,9,5,H,0.074460556,-0.397146765,-0.104178848,0.633175317
4C1,2014,8,5,H,1.608384994,1.366104894,-0.607766544,0.093789851
4C1,2013,7,6,H,1.920504341,1.223622641,-0.017516097,1.228278167
2A8,2015,10,1,L,-0.051017351,0.754880388,0.423189789,-0.64015209
2A8,2011,6,1,L,0.095539375,0.507601868,0.564847403,-0.872391816
2A8,2014,9,2,L,0.387665769,0.205784566,0.09219849,-0.41844545
2A8,2013,8,2,L,0.178465108,1.561578299,1.356338384,-1.094600951
2A8,2012,7,2,L,0.031783386,0.374779484,0.771330679,0.122418479
7D8,2014,7,6,L,0.437383193,-0.051266659,-0.132532516,-0.10698248
7D8,2015,8,3,L,-1.049699269,0.154457409,-0.529379463,-0.242892776
7D8,2013,6,6,L,-0.651019375,-0.223806862,-0.949690278,-0.080343931
8B0,2014,8,7,L,-0.524609835,1.054093632,0.394828965,-0.629726033
8B0,2015,9,4,L,0.054960353,-0.197786929,1.36200531,-0.52637833
8B0,2012,6,6,L,1.287595521,0.894273599,1.195206795,0.109106453
8B0,2013,7,7,L,-0.735314588,-0.103525589,0.688919798,-0.345360015
9H7,2015,6,5,L,0.098076437,0.268586079,1.635099311,-0.754647936
52P,2014,13,4,L,-1.010943594,-0.301090717,1.086853901,-0.71344391
52P,2011,10,5,L,-0.828662759,-0.8210064,0.910102291,0.110620714
52P,2015,14,4,L,-0.024901549,-0.746974818,1.615038719,-0.929233798
52P,2010,9,4,L,-0.781303871,-0.747337585,0.682731496,0.4381318
0A4,2013,8,2,L,-0.735314588,-0.674291646,0.0012155,0.432442917
0A4,2015,10,1,L,0.009131262,-1.037696326,-0.079573615,0.699595271
0A4,2012,7,2,L,-0.028088724,-0.798720781,0.517628711,0.408161837
0A4,2014,9,2,L,-0.266499217,-1.099144524,1.74310841,0.369973425
0A4,2011,6,2,L,-0.452482082,-0.745604988,2.373229362,-0.018978985
50I,2013,15,8,L,-0.710751153,-0.674291646,0.871215132,0.00120962
79Z,2013,8,8,L,-0.735314588,-0.674291646,0.295298051,0.008969955
40L,2013,13,8,L,-0.735314588,-0.674291646,-0.999424733,-0.138649982
50I,2011,13,9,L,-0.534837953,-0.076906146,2.832558299,-0.604638525
79Z,2014,9,8,L,-0.835758339,-0.673501713,2.368560152,-0.211846188
79Z,2011,6,9,L,-0.890269766,-0.453946727,0.879830792,-0.826639118
79Z,2015,10,8,L,-0.933637915,0.13871924,1.627549824,-0.573232855
40L,2011,11,9,L,0.29876411,0.750994222,-0.281694637,-0.424627909
50I,2014,16,8,L,-0.405042388,-0.328305766,1.227913247,-0.757286793
50I,2015,17,8,L,0.740067049,0.590471575,1.215508392,-0.382841026
50I,2010,12,7,L,0.388362247,0.766806721,0.174152666,-0.619050947
40L,2015,15,8,L,-0.660195695,-0.351113166,0.243366893,-0.517466371
50I,2012,14,8,L,0.033296206,-0.169923588,-0.538565247,-0.720822681
79Z,2012,7,8,L,1.993616259,0.299513251,0.921786334,-0.546520884
40L,2014,14,8,L,-0.616168804,-1.099144524,0.574259886,-0.271911628
40L,2012,12,8,L,-0.476817389,-0.480630763,2.732812091,-0.204941118
40L,2010,10,7,L,-0.740716636,-0.938001606,0.715748362,-0.134649598
55J,2015,16,10,L,-1.02482774,-1.164456696,-0.014255555,-0.448751313
1H6,2015,6,2,L,-0.928319333,0.834196934,0.843208201,-0.987699761
6C0,2015,9,4,H,0.128146179,2.091099836,0.91972883,0.598422514
6C0,2012,6,5,H,0.454539968,1.051192489,-0.556780608,0.208963138
6C0,2014,8,4,H,1.828090107,2.546244946,0.550720198,0.040556771
6C0,2013,7,5,H,1.168817509,3.608975277,1.503644639,0.397286108
9D8,2014,7,3,H,1.684757618,-0.490955991,-0.351263459,-0.47899588
9D8,2013,6,3,H,1.37181881,-0.418363156,-0.017515456,-0.282969529
9D8,2015,8,3,H,-0.24096266,-0.813512026,-0.209086936,0.084476654
63V,2014,10,1,L,0.201303718,0.303816021,0.544572409,-0.790213757
63V,2011,7,0,L,-0.487958728,-0.959318507,0.373640909,-0.606876157
7B7,2013,7,1,L,1.545550003,0.745296892,2.506795528,-0.527512702
7B7,2014,8,1,L,-0.396538053,0.755168287,1.176707783,-1.016031163
63V,2010,6,0,L,0.112903881,0.110973547,0.642976938,-0.814635403
63V,2015,11,1,L,2.974453876,-0.205622996,1.525005624,-0.86437312
7B7,2015,9,1,L,-0.71295156,-0.079028109,1.267608503,-0.810607206
63V,2013,9,1,L,2.610398233,-0.498225862,1.401769988,-1.094600951
63V,2012,8,1,L,1.543274374,0.190420432,-0.308579991,-0.554275464
7B7,2012,6,1,L,-1.188772102,-0.333499705,2.175166914,-0.538766305
00O,2011,11,3,L,-0.319034549,2.771306077,0.330392059,-0.392084457
0I5,2015,6,2,L,-0.173751633,-0.15399312,0.400880053,-0.450002101
00O,2014,14,2,L,0.90733147,1.8149882,-0.211886589,0.238172746
00O,2015,15,2,L,1.006408267,0.855310141,0.10642176,-0.640106642
00O,2013,13,2,L,0.33780128,0.42391945,-0.18727536,-0.159645148
00O,2012,12,2,L,-0.273503127,0.491296049,0.347437609,-0.201252964
00O,2010,10,3,L,0.787680409,3.490979537,0.628860815,-0.42684311
29Z,2011,7,2,H,-0.659101871,-0.072348921,-0.443953481,1.891921213
5G9,2015,6,2,L,0.920296129,-0.682513009,0.167426475,-0.805342737
29Z,2015,11,2,L,-0.511592364,5.000786684,1.711148978,-0.559910504
29Z,2014,10,1,L,-0.367734171,1.499111749,1.219565023,-0.904239451
29Z,2010,6,2,H,-0.659845515,0.121392251,-0.229960363,1.325199816
V80,2014,23,5,L,0.975057379,0.382145635,0.434632303,-0.947525639
56E,2012,16,4,L,-0.98064907,-0.941270372,-0.109854339,-0.724523731
56E,2014,18,4,L,-0.46430421,-0.005918858,0.272505845,-0.491936533
56E,2013,17,4,L,0.022301093,-0.535781239,-0.557188079,-0.680429006
56E,2015,19,2,L,-0.423062169,-0.927068066,-1.066957093,-0.756226541
56E,2011,15,4,L,-0.58739599,-0.28386477,-0.461071899,-0.786789187
56E,2010,14,4,L,-0.519562637,-0.389102368,1.647283076,-0.559970589
43J,2011,13,7,L,-0.429456517,-0.052489892,0.566738247,-0.60166335
82A,2015,22,7,H,0.760903792,-0.297185303,0.034782336,-0.163305468
82A,2012,19,8,H,0.816603088,-0.646017835,-1.380094231,0.223438353
43J,2012,14,8,H,0.413067668,0.037457673,-0.947385108,0.118011324
82A,2011,18,7,L,-0.488366041,0.819956118,-0.762326371,-0.423940368
43J,2014,16,8,H,0.780279308,0.925065937,-1.089353242,0.137845045
43J,2013,15,9,H,2.716033703,-0.062329258,-0.996442543,0.131226345
43J,2015,17,7,H,-0.678461874,0.009174211,-1.393037041,-0.062756208
82A,2014,21,8,H,1.057475443,1.990039896,-0.349212676,-0.286687855
82A,2013,20,9,H,0.048956216,-0.598886122,-0.676815042,-0.559656135
43J,2010,12,8,L,-0.109116706,-0.061982524,-0.310147893,-0.110118687
82A,2010,17,8,L,-0.41633052,-0.301728575,1.818576542,-0.316650102
64D,2013,18,0,L,-0.735314588,-0.674291646,-0.990421817,0.174175611
64D,2012,17,0,L,-1.113417853,-0.941270372,-0.488215574,-1.205660136
64D,2014,19,0,L,-0.73538067,-0.259448681,-0.021622249,-0.865868968
64D,2015,20,0,L,-1.049699269,-0.144482597,-0.457179753,-0.987699761
64D,2010,15,0,L,-0.575853777,-0.561177412,-0.46440877,-0.651237791
64D,2011,16,0,L,-0.312837039,-1.376934382,-0.146081096,-0.872366815
00J,2012,14,5,L,0.756306152,-0.16387664,1.293419564,-0.162964355
00J,2013,15,5,L,-0.050074328,2.255992334,1.19747533,-0.958553938
00J,2014,16,4,L,-0.282982256,-0.660278844,0.791902347,-0.42901084
00J,2011,13,4,L,-0.080676756,-0.068061844,0.315511122,-0.830328045
00J,2015,17,2,L,-0.40683563,-1.037696326,-0.192481435,-0.568959516
00J,2010,12,4,L,0.057772127,-0.156564242,-0.474264743,-0.559378513
87K,2013,14,2,L,0.231314067,0.369833749,0.211394982,-0.268707784
42L,2014,14,2,L,1.950933906,0.292181677,-1.102768218,-0.992301483
87K,2011,12,1,L,-0.782076797,-1.052537635,1.334429342,-0.828139206
87K,2012,13,2,L,1.371020398,1.024948047,-0.305061993,-0.557976514
42L,2013,13,2,L,2.761123908,0.140081107,-0.502541551,-0.956146027
42L,2012,12,2,L,1.106664888,0.465072396,-0.11536859,-0.716415525
87K,2014,15,2,L,-0.956523228,-0.413192235,0.309899057,-0.714168167
42L,2010,10,1,L,0.880942929,0.410859601,-1.272788156,-0.747450043
42L,2011,11,1,L,0.403922507,0.050328926,-0.372592536,-0.831041797
87K,2010,11,1,L,-0.068945985,-0.051111691,0.719463441,-0.668905809
55V,2012,8,9,L,-1.121534151,-0.941270372,1.009233487,0.112794607
55V,2014,10,9,L,-0.925036405,-0.786631436,1.310762996,-0.339808041
55V,2011,7,10,L,0.119076638,0.516414564,0.913325008,-0.743226537
34N,2011,11,10,L,-0.833051818,-0.924717784,1.70674804,-0.91738197
34N,2014,14,9,L,-0.830776714,-0.89080882,0.628975196,-0.641074144
55V,2015,11,9,L,-0.548204909,-0.156850032,1.727911088,-0.231655972
34N,2015,15,9,L,0.082056364,-0.032920111,1.358667964,-0.454415575
55V,2013,9,9,L,0.121006751,0.101650232,-0.668248239,-0.405779177
34N,2012,12,9,L,-0.367782455,-0.494094527,0.274642528,-0.098552931
34N,2013,13,9,L,-0.182039258,0.110964535,1.319953734,0.591806192
55V,2010,6,8,L,0.324178526,0.821192101,2.754880242,-0.368700495
34N,2010,10,8,L,-0.277618533,-1.04374477,-0.072782856,-0.511517846
59A,2013,20,4,L,-0.58915927,-0.674291646,-0.662463829,-0.251392906
59A,2012,19,4,L,-0.382362071,-0.748643791,-0.478290874,0.648630025
59A,2011,18,4,L,-0.556805003,-0.964562888,0.576731586,-0.197464511
59A,2010,17,4,L,0.116085372,-0.477840629,1.054475977,0.301974789
59A,2015,22,2,L,0.68920891,0.922355222,-0.414530185,-0.004219632
59A,2014,21,3,L,0.533802411,-0.494150052,0.653505662,-0.221751862
92D,2011,16,3,L,0.352222894,0.109345613,-0.340781415,0.021560906
92D,2015,20,2,H,-0.256888817,0.977598057,-0.300659614,0.365392878
92D,2014,19,3,H,0.053409966,-1.04168542,-0.616547674,-0.305938279
92D,2012,17,3,H,0.456286812,-0.941270372,-1.151455306,0.60891145
92D,2013,18,3,L,0.581920977,-0.243173858,-0.10549178,1.102691351
92D,2010,15,3,L,0.800602402,0.83316298,0.735773775,-0.314092594
68V,2013,9,2,L,-0.735314588,-0.592049811,-0.663838891,-1.094600951
68V,2011,7,5,H,-0.66421748,0.499042215,0.055279503,-0.248405016
68V,2015,11,2,L,-0.17541763,-0.707150481,1.613488778,-0.384355683
35N,2011,11,5,H,0.16223184,0.791424066,-0.57734245,-0.344905464
35N,2014,14,2,L,0.105320684,-0.74172376,1.239457517,-0.902046227
68V,2014,10,2,L,0.376039612,0.531840796,2.771468926,-1.045971504
35N,2015,15,2,L,0.778565984,-0.230351888,0.130772849,-0.811346545
68V,2010,6,4,H,1.00812731,1.078301417,0.921330194,-0.111610313
35N,2010,10,4,H,-0.54236328,0.589592643,-0.019060183,0.837571702
35N,2013,13,2,L,-0.228999328,-0.674291646,-0.815813542,-1.094600951
22H,2014,17,8,L,-1.155878534,0.3905621,0.465259041,-0.303127146
7C0,2014,8,3,L,-0.625994258,-0.151807868,0.378158692,-0.721442983
7C0,2013,7,5,L,0.970871534,4.881310214,1.72517587,-0.820099015
7C0,2012,6,5,L,-0.641718613,3.787581293,0.965423634,-0.709367052
7C0,2015,9,2,L,-0.937791381,-0.707794078,-0.607836378,-0.690334365
62H,2013,16,3,H,0.441774988,-0.674291646,-1.161992901,0.275694938
62H,2015,18,2,H,0.099028129,1.173834378,0.331869885,-0.291746945
62H,2014,17,3,L,-0.22446309,-0.04609168,0.020372987,0.262678536
62H,2012,15,3,H,0.466267283,0.271058144,-0.080623377,1.102045101
62H,2011,14,3,L,-0.334514757,-0.384612244,-0.342443566,-0.500422379
62H,2010,13,2,L,-0.247640368,-0.49140202,0.142965611,-0.650304026
03J,2014,16,3,L,-0.154677296,-0.214553771,-0.800807064,-1.089179586
03J,2011,13,2,L,0.894695298,0.12365338,-0.054902214,-0.742512785
03J,2013,15,3,L,-0.607692153,0.104357553,0.773951593,-0.954909821
03J,2012,14,2,L,-0.824587137,0.76207285,1.21353532,-1.205660136
03J,2010,12,1,L,-0.869382124,0.309523112,0.608172304,-0.717801923
98T,2014,10,7,H,0.339837861,0.045011793,0.641971167,-0.248304427
98T,2013,9,8,H,-0.433077078,-0.230739132,-0.357034009,-0.960879529
98T,2015,11,6,H,0.385770012,0.097608031,1.387869154,0.069746359
98T,2012,8,7,H,1.563367793,1.685179042,0.270614773,-0.231173865
98T,2010,6,7,L,1.477137637,0.53025348,2.19525952,-0.469409663
98T,2011,7,6,L,1.034593184,0.385914343,0.36377194,-0.739633987
76J,2015,16,6,L,-0.032303949,0.515081813,-0.011235694,-0.876926566
8F3,2015,7,5,L,0.471177694,-0.717774203,0.883553863,-0.85968848
8F3,2014,6,5,L,0.013074384,-0.104350965,2.384594773,-1.014617296
61J,2013,14,7,L,-0.735314588,-0.651766703,-0.829492084,-0.820120136
61J,2011,12,8,L,0.508263216,1.619755037,0.125644877,-0.523414783
61J,2010,11,7,L,0.569304841,2.142533384,-0.328231642,-0.114233668
61J,2012,13,7,L,-0.082233898,1.912695228,0.144363438,-0.216585883
61J,2015,16,6,L,-0.66789663,0.189432208,-0.628242042,-0.570132139
61J,2014,15,7,L,-0.945606183,0.382894583,-0.002068773,-0.215860573
32S,2015,13,3,L,-0.913078501,-1.037696326,0.114251438,-0.112554002
32S,2010,8,4,L,-0.869382124,-1.04374477,0.669818526,-0.417306029
32S,2011,9,4,L,-0.850956216,0.172630961,-0.151189193,-0.425440457
1C0,2015,9,3,L,-0.946282105,-0.673376851,-0.322037685,-0.168606132
1C0,2012,6,5,L,1.036418747,0.673242929,1.850081903,1.745360702
32S,2014,12,6,L,-0.602483936,0.987579795,0.680816057,-0.417033221
1C0,2014,8,6,L,1.221629144,-0.177646824,0.904177988,0.276418576
32S,2012,10,5,L,0.196626687,2.705379613,1.000216675,0.104863788
1C0,2013,7,6,L,0.26964536,1.064191836,1.545113105,0.266035985
32S,2013,11,6,L,-0.653077421,-0.530181076,-0.476068265,-0.189045471
43F,2014,18,4,H,4.82325086,3.321839414,-1.345639247,0.475136316
43F,2013,17,3,H,0.086286249,-0.674291646,-1.163497193,0.867915049
43F,2012,16,3,H,2.095093145,-0.586450872,-1.360141253,2.442961494
43F,2011,15,3,L,0.039950544,-0.07908242,1.19051694,0.134326791
43F,2015,19,4,H,2.211430761,1.034050769,-0.829902343,1.488971606
43F,2010,14,4,L,-0.237914645,0.848190566,0.690790641,0.085292585
